#	delta x [m]	delta y [m]	delta orientation [rad]

0.0006896	-0.0001592	0.002
0.0014102	-0.0002065	0.0046
0.0014023	-0.0000785	0.0055
0.0013932	-0.0000499	0.0056
0.0014157	0.0000012	0.0058
0.0014366	0.0000268	0.0059
0.0014018	0.0000727	0.0066
0.0012931	0.0000957	0.0074
0.0011529	0.0000302	0.0073
0.0003648	0.0017457	0.0275
